2017-08-01 04:26	nick kidd oracle
2017-08-01 04:33	646 504 1367
2017-08-01 04:37	iconic black panther
2017-08-01 04:38	keith walsh
2017-08-01 04:38	keith walsh artist
2017-08-01 04:39	ago 50 years of the black panther party by keith walsh
2017-08-01 04:40	"nick kidd" isenberg school of management, umass amherst
2017-08-01 04:40	nick kidd isenberg school of management, umass amherst
2017-08-01 04:41	"nick kidd" oracle
2017-08-01 04:46	auschwitz swimming pool
2017-08-01 04:48	sol grafisk trykk
2017-08-01 04:49	sol grafisk trykk metallisk
2017-08-01 04:49	sol grafisk trykk metallisk arne
2017-08-01 04:49	sol kunsttrykk metallisk arne
2017-08-01 04:49	sol kunstttrykk metallisk arne
2017-08-01 04:51	scandinavians in canada
2017-08-01 04:56	gunnar s. gundersen
2017-08-01 05:36	norsk abstrakt kunst
2017-08-01 05:36	norsk abstrakt kunst sol
2017-08-01 05:36	norsk abstrakt kunst sol trykk
2017-08-01 05:37	norsk abstrakt kunst sol motiv
2017-08-01 05:38	norsk kunst grafisk sol motiv
2017-08-01 05:40	nasjonalmuseet
2017-08-01 05:42	cathy de monchaux
2017-08-01 05:51	replicable
2017-08-01 06:19	pento recreational use
2017-08-01 07:47	gothamist double dutch
2017-08-01 07:47	reverse string
2017-08-01 08:11	denver to ogden
2017-08-01 08:16	gressholmen kro foursquare
2017-08-01 08:42	mary kills people location
2017-08-01 08:42	south warren canada
2017-08-01 10:25	#blackamerica
2017-08-01 11:29	listary portable
2017-08-01 12:13	why your five year old could not have done that
2017-08-01 12:13	why your five year old couldn't do that
2017-08-02 01:37	6990*8
2017-08-02 06:40	union pool calendar
2017-08-02 06:41	heaven, august 2
2017-08-02 07:00	roman numeral kids
2017-08-02 07:15	doubles food
2017-08-02 07:44	iceland down syndrome policy
2017-08-02 08:15	ua spoofing
2017-08-02 08:15	ua spoofing instagram
2017-08-02 08:25	ultravox vienna
2017-08-02 08:39	solvang ca
2017-08-02 08:39	what does solvang mean?
2017-08-02 08:39	where do danish people come from?
2017-08-02 09:02	nyc
2017-08-02 09:58	always-on
2017-08-02 10:14	accommodation
2017-08-02 10:15	chris coleman denver
2017-08-03 03:13	get cryphy
2017-08-03 03:48	poonam
2017-08-03 04:09	ogden university
2017-08-03 04:25	tommy curry
2017-08-03 05:44	kolkata, west bengal, india
2017-08-03 06:18	54 percent of trump voters
2017-08-03 06:18	54 percent of trump voters white discrimination
2017-08-03 06:27	jennifer daniels sketchbook
2017-08-03 06:47	vergangenheitsbewältigung
2017-08-03 06:50	bewältigung
2017-08-03 06:59	mff malmo
2017-08-03 07:55	interaction ritual
2017-08-03 08:00	pune india
2017-08-03 08:23	just reach out and touch me
2017-08-03 08:24	barry manilow
2017-08-03 08:25	garry kief
2017-08-03 10:26	pasta maker as a printing press
2017-08-03 10:32	25 mcs wiley
2017-08-04 03:30	eclipse 2017
2017-08-04 03:57	bstu reconstruction
2017-08-04 03:58	shake shack
2017-08-04 04:12	sami costume
2017-08-04 05:12	flute irish slang
2017-08-04 05:40	1-(8/8.5)
2017-08-04 07:11	apple maps car
2017-08-04 08:11	ronan bouroullec
2017-08-04 09:24	stasi files reconstruction
2017-08-04 10:37	hotel williamsburg ny
2017-08-04 10:44	esta visa
2017-08-04 11:19	ikebana nyc
2017-08-04 11:45	ekene ijeoma
2017-08-05 06:26	umberto nobile
2017-08-05 06:53	mariusgenser
2017-08-05 06:54	marius borg høiby
2017-08-05 06:55	giulia
2017-08-05 06:55	giulia etimologia
2017-08-05 06:55	marius ski hopper
2017-08-05 06:56	giulia etymology
2017-08-05 06:57	what is giulia?
2017-08-05 06:57	what is the meaning of the name giulia?
2017-08-05 06:57	where did the name julia come from?
2017-08-05 07:31	kilkenny
2017-08-05 07:31	kilkenny beer
2017-08-05 07:31	red beer
2017-08-05 08:45	genital warts
2017-08-05 08:45	genital warts in italian
2017-08-05 08:52	coda program
2017-08-05 08:52	coda programming
2017-08-05 08:52	code programming
2017-08-05 12:09	chris beck
2017-08-05 12:09	chris beck lauren duca
2017-08-06 01:01	french secret service
2017-08-06 01:01	french secret service artist management
2017-08-06 01:02	kgb support chess
2017-08-06 01:02	stasi art
2017-08-06 03:39	sister nancy bam bam
2017-08-06 05:46	krs-dan
2017-08-06 05:52	why is wiley called eskiboy
2017-08-06 05:52	wiley eskimo
2017-08-06 06:44	319 frost street
2017-08-06 07:43	sumi-e
2017-08-06 09:31	lauryn hill bam bam
2017-08-06 09:40	timewarnercable
2017-08-06 10:57	blouin artinfo gundersen
2017-08-06 10:57	blouin artinfo gunnar gundersen
2017-08-06 11:16	hard edge painting
2017-08-06 11:20	trump tv
2017-08-06 12:50	schlachthof
2017-08-07 01:51	oishi sushi greenpoint
2017-08-07 03:40	intelligence tv 3
2017-08-07 03:40	intelligence tv show season 3
2017-08-07 06:09	spectrum cable router dropouts
2017-08-07 06:54	icarus netflix
2017-08-07 08:44	sociobiology
2017-08-07 08:54	bumble app
2017-08-07 09:38	still thirsty
2017-08-07 10:27	bumble
2017-08-07 10:31	bumble in cleveland
2017-08-07 10:54	173 cm in feet
2017-08-07 11:38	gob squad super night shot
2017-08-07 12:17	sushi near me
2017-08-08 03:11	bumble free
2017-08-08 04:16	how does bumble work
2017-08-08 05:17	bloch statues berlin
2017-08-08 05:17	peter bloch statues berlin
2017-08-08 05:18	knight statues berlin
2017-08-08 09:11	keto diet
2017-08-08 09:20	mission critical baby carrier
2017-08-08 09:20	mission critical infowars
2017-08-08 09:20	mission critical merchandise infowars
2017-08-08 09:22	chin up
2017-08-08 09:23	assisted chin up
2017-08-08 09:45	deadlift
2017-08-08 10:51	queen of software
2017-08-08 10:53	grace hopper nanosecond
2017-08-08 10:57	melissa pierce
2017-08-08 10:57	melissa pierce grace hopper
2017-08-08 11:12	grace hopper fake bugs
2017-08-09 05:34	damore google
2017-08-09 05:42	puss in boots season 2 mermaid
2017-08-09 08:20	spectrum cable dropouts
2017-08-09 08:22	wifi interface [wl1] set to channel 40 (side-band channel:36) - reason:interference
2017-08-09 08:27	missing bp configuration setting tlv
2017-08-09 11:59	schloss digital art
2017-08-10 03:49	pond knausgaard
2017-08-10 03:58	6466758893
2017-08-10 04:28	science proves race does not exist
2017-08-10 04:37	gender biological differences
2017-08-10 04:44	volt goat police
2017-08-10 06:09	goth night phoenix
2017-08-10 07:31	young rapper names
2017-08-10 07:33	crispus attucks playground
2017-08-10 07:48	meetup tempe
2017-08-10 07:52	bannon gold farmers
2017-08-10 08:21	5 w19th street, 9th floor
2017-08-10 11:35	artist contracts digital art
2017-08-10 11:36	jonas lund artist contract
2017-08-10 12:15	ammonium chloride
2017-08-10 12:16	ammonium chloride craft
2017-08-11 05:55	innoq
2017-08-11 05:56	debra soh
2017-08-11 05:58	hjernevask dokumentar
2017-08-11 05:58	hjernevask harald eia
2017-08-11 05:59	http//www.aftenposten.no/kul_und/tv/article3542670.ece
2017-08-11 06:35	netflix to the bone
2017-08-11 06:40	bulimia to anorexia
2017-08-11 06:42	carbondale eclipse
2017-08-11 06:44	tennessee passion flower
2017-08-11 06:58	tiedeman
2017-08-11 06:59	hordeland painting
2017-08-11 06:59	tiedeman painting
2017-08-11 08:01	ghost of easterville
2017-08-12 01:17	maraschino cherry honey bees
2017-08-12 01:20	evol berlin
2017-08-12 01:36	weber state university ogden, ut
2017-08-12 01:39	3164 hawthorne avenue, 84403
2017-08-12 01:41	3164 hawthorne ave, ogden, ut 84403
2017-08-12 01:45	3164 hawthorne avenue, ogden, ut
2017-08-12 08:42	tom and jerry isn't real
2017-08-12 08:59	fascist symbol crypto
2017-08-12 09:06	standing rock car protesters
2017-08-12 09:11	black lodge symbol
2017-08-12 09:24	block party grand st williamsburg
2017-08-12 09:24	block party williamsburg
2017-08-12 10:08	the guardian nin hormonal iud
2017-08-12 10:09	the guardian vagina dispatches
2017-08-12 10:17	dana loesch
2017-08-12 10:26	alt-left
2017-08-12 11:28	belinda carlisle
2017-08-12 11:52	tarot card meanings
2017-08-12 11:52	tarot card meanings devil
2017-08-12 11:55	sorghum liquor
2017-08-12 12:31	is the worm in tequila a hallucinogen?
2017-08-12 12:31	why do they put a worm in the bottle of tequila?
2017-08-12 12:31	worm tequila
2017-08-12 12:38	wine alcohol content
2017-08-12 12:39	=9000 / (500*4.5)
2017-08-12 12:45	=9000 /
2017-08-12 12:45	bagel calories
2017-08-12 12:46	how many calories in a bagel with cream cheese
2017-08-12 12:46	mcdonalds calories
2017-08-13 01:46	winton
2017-08-13 01:46	winton saved lives
2017-08-13 02:37	200 morgan avenue, 11237 brooklyn, united states
2017-08-13 03:23	twitter hate speech germany
2017-08-13 03:24	twitter hate speech germany withheld
2017-08-13 04:36	1.5 oz to ml
2017-08-13 04:36	calories in bourbon
2017-08-13 04:53	starflower oil
2017-08-13 04:54	starflower oil hangover
2017-08-13 05:00	continental divide, nm 87312
2017-08-13 05:02	continental divide
2017-08-13 05:02	what is the definition of the continental divide?
2017-08-13 06:06	james fields of ohio
2017-08-13 07:15	aclu history freedom of speech
2017-08-13 07:28	fred trump klan
2017-08-13 07:36	vexed tv
2017-08-13 07:51	1st amendment
2017-08-13 08:00	vexed season 1
2017-08-13 09:44	back orifice
2017-08-13 09:49	is doxxing illegal
2017-08-13 10:53	doxing convicted
2017-08-13 12:30	hang do thi duc
2017-08-14 01:17	maxi priest
2017-08-14 01:28	user48736353001
2017-08-14 01:56	technicolor tc8715d set time
2017-08-14 01:57	technicolor tc8715d set date
2017-08-14 02:31	surya mattu propublica
2017-08-14 02:54	merck trump
2017-08-14 03:51	krawatten nazi
2017-08-14 03:51	krawattennazi
2017-08-14 03:52	stiefelnazi
2017-08-14 04:18	heaven is a place on earth
2017-08-14 04:18	militia charlottesville
2017-08-14 04:23	protest led signs
2017-08-14 04:57	tm
2017-08-14 04:57	trademark symbol
2017-08-14 05:09	kyle p. quinn
2017-08-14 05:09	kyle p. quinn charlottesville
2017-08-14 05:10	kyle quinn engineering
2017-08-14 05:18	red sox fans subway
2017-08-14 05:18	red sox fans subway sex
2017-08-14 05:51	musket room
2017-08-14 05:52	nik han
2017-08-14 05:56	alfred lee
2017-08-14 06:02	st maurice
2017-08-14 06:03	st maurice the moor
2017-08-14 06:51	alt right protest toronto
2017-08-14 06:51	alt right toronto
2017-08-14 06:54	far right protest toronto
2017-08-14 07:32	dog whistle crypto
2017-08-14 08:30	rampart
2017-08-14 10:36	nypost mel b
2017-08-15 04:44	kicking against the pricks
2017-08-15 04:45	walk around like you're bigger than prince
2017-08-15 05:52	boston holocaust memorial
2017-08-15 06:15	the salamander letter
2017-08-15 06:20	eav barbell club
2017-08-15 06:29	eav barbell club usa weightlifting
2017-08-15 06:51	danish submarine sunk
2017-08-15 07:07	maribor art residency
2017-08-15 09:17	the revolution deferred
2017-08-15 09:17	the revolution deferred indefinite
2017-08-15 09:17	the revolution deferred indefinitely
2017-08-15 10:08	soda mousse
2017-08-15 10:09	1985 vienna airport attack
2017-08-15 10:24	ceausescu
2017-08-15 10:37	katharine gorka
2017-08-15 10:37	sebastian gorka
2017-08-15 10:41	desi
2017-08-15 10:44	buzzfeed trump charlottesville
2017-08-15 11:56	boring to the taste
2017-08-15 11:56	low hanging fruit
2017-08-16 01:04	vishal morjaria
2017-08-16 03:04	martha rosler gif
2017-08-16 03:06	martha rosler video
2017-08-16 03:07	youtube gif
2017-08-16 05:17	hrt transgender dataset
2017-08-16 05:17	hrt transgender dataset consent
2017-08-16 06:06	overton window
2017-08-16 06:15	reductress choke
2017-08-16 06:50	4allsoulkind
2017-08-16 06:50	bot 4allsoulkind
2017-08-16 06:53	#4allsoulkind
2017-08-16 07:11	linda blaasvar
2017-08-16 07:11	nida blaasvar
2017-08-16 07:12	linda blaasvaer
2017-08-16 07:12	linda blaasvær
2017-08-16 07:12	linda blaasvær watts
2017-08-16 07:20	titanic corpse recovery
2017-08-16 08:06	h2o2
2017-08-16 08:06	hydrogen peroxide
2017-08-16 08:07	hcl
2017-08-16 08:23	jan brewer and obama
2017-08-16 08:39	yaroze ps2
2017-08-16 09:15	cartoonist missing williamsburg
2017-08-16 09:16	alkaline hydrolysis
2017-08-16 09:16	cartoonist missing brooklyn
2017-08-16 09:17	alkaline hydrolysis body
2017-08-16 10:59	facebook event photo size
2017-08-16 12:09	instagram kill white power hashtag
2017-08-17 01:00	white supremacist genetic test
2017-08-17 03:06	anderson cooper cantwell
2017-08-17 03:07	anderson cooper chris cantwell
2017-08-17 03:07	chris cantwell cnn
2017-08-17 03:39	kolos data center
2017-08-17 03:40	city of tiny lights
2017-08-17 03:57	kneipp
2017-08-17 03:58	kneip
2017-08-17 04:22	danske kongen
2017-08-17 04:29	sexy beast
2017-08-17 04:38	cush jumbo
2017-08-17 04:39	billie piper
2017-08-17 04:39	riz ahmed
2017-08-17 04:55	history diuretics
2017-08-17 04:59	grenfell tower
2017-08-17 07:42	christopher husbands
2017-08-17 09:12	laika orbit
2017-08-17 09:37	james baldwin
2017-08-17 09:38	james baldwin right time
2017-08-17 09:41	laika true story
2017-08-17 10:07	bunker discovered in backyard
2017-08-17 10:26	ricki lake kkk
2017-08-17 12:51	csanad szegedi
2017-08-18 01:30	quadrophenia
2017-08-18 01:30	quadrophenia tommy
2017-08-18 01:31	tommy movie
2017-08-18 01:53	protestors
2017-08-18 04:31	kayode ewumi
2017-08-18 04:31	white gold
2017-08-18 04:31	white gold season 1 episode 6
2017-08-18 05:16	amazon video
2017-08-18 05:24	poli sci phd
2017-08-18 05:28	jared kushner rabbi
2017-08-18 06:02	daily dot jon stewart
2017-08-18 06:03	fuckface von clownstick
2017-08-18 08:11	bronx museum
2017-08-18 08:14	outer limits
2017-08-18 08:38	nineveh plain
2017-08-18 08:48	amanda trepanation
2017-08-18 12:51	purple hearts diet pills
2017-08-19 01:09	dy 7001
2017-08-19 01:18	jfk airport
2017-08-19 05:21	334 grand ave
2017-08-19 05:21	334 grand ave brooklyn
2017-08-19 07:25	pharmacy
2017-08-20 07:21	todd terje yali
2017-08-20 11:22	rat
2017-08-21 06:54	metropolitan museum of art
2017-08-21 06:57	community gardens nyc
2017-08-21 07:17	pictures eclipse today
2017-08-21 07:24	david hawkins
2017-08-21 07:29	new york death militia +jay
2017-08-21 07:29	new york death militia jay
2017-08-21 08:22	eclipse piece of paper
2017-08-21 09:25	high line map
2017-08-22 01:18	hudson river plane landing
2017-08-22 02:49	wave hill public gardens, 649 w 249th st, bronx, ny 10471
2017-08-22 02:52	is the 1 train local or express
2017-08-22 02:56	palma tsunami
2017-08-22 03:10	rooftop garden public
2017-08-22 03:55	burnside brooklyn
2017-08-22 09:24	luggage store
2017-08-22 09:26	discount luggage store
2017-08-22 10:51	jfk airport departures
2017-08-22 12:14	wave hill
2017-08-22 12:19	bar hugo
2017-08-23 01:48	skandiabanken 24 timer
2017-08-23 03:37	fiverr ads
2017-08-23 03:38	prince harvey
2017-08-23 03:43	fiverr
2017-08-23 03:43	prince fiverr
2017-08-23 03:43	prince harvey ad
2017-08-23 03:43	prince harvey fiverr
2017-08-23 03:44	fiverr models
2017-08-23 03:51	trump ecstasy pills
2017-08-23 03:58	shantell martin
2017-08-23 03:58	shantell martin max mara
2017-08-23 04:03	vanilla hoffman
2017-08-23 04:03	vanilla hofman
2017-08-23 04:04	"vanilla hoffman"
2017-08-23 04:04	"vanilla hofman"
2017-08-23 04:04	1000 yen to usd
2017-08-23 04:04	362 0000 yen to usd
2017-08-23 04:05	vanina hofman
2017-08-23 04:08	362 000 yen to usd
2017-08-23 04:13	cinnamon addiction
2017-08-23 04:13	cinnamon roll addiction
2017-08-23 04:28	muirmcneil
2017-08-23 04:29	muirmcneil eye magazine
2017-08-23 04:52	invasive species wave hill
2017-08-23 05:19	add to calendar link
2017-08-23 05:19	add to google link
2017-08-23 05:19	how do i add an event to my google calendar?
2017-08-23 05:56	deepdream
2017-08-23 05:56	quartz ai deepdream
2017-08-23 07:37	event space neue house
2017-08-23 07:37	genius appointment
2017-08-23 07:39	6466755660
2017-08-23 11:56	mars weather
2017-08-23 11:56	starvue in bushwick
2017-08-23 11:56	toribio
2017-08-23 11:57	marsweather music
2017-08-24 01:28	dan savage incestuous twins
2017-08-24 01:42	shin bet
2017-08-24 01:51	hmrc investigation
2017-08-24 02:08	the honorable woman cable
2017-08-24 02:08	the honorable woman network
2017-08-24 02:09	the honorable woman infrastructure
2017-08-24 02:09	the honorable woman sniffer
2017-08-24 02:14	resonate we are europe
2017-08-24 02:28	joshua thomas king
2017-08-24 02:53	sasha velour
2017-08-24 02:54	rupaul
2017-08-24 03:03	paradigm shift
2017-08-24 03:07	lodgement
2017-08-24 03:09	joe wenderoth
2017-08-24 03:36	usps book shipping
2017-08-24 03:41	usps® media mail
2017-08-24 04:29	man
2017-08-24 05:35	jupiter disco
2017-08-24 05:52	aqua velva
2017-08-24 05:53	boivin tiger
2017-08-24 06:01	buzzfeed tigergate
2017-08-24 06:05	ubiome
2017-08-24 06:51	heath bunting
2017-08-24 06:51	heath bunting borderxing guide
2017-08-24 10:21	name and i
2017-08-24 10:21	she and i
2017-08-24 12:07	supernatural counting fairies
2017-08-25 04:08	eyeball tattoo
2017-08-25 04:26	40.898761,-73.911653
2017-08-25 07:05	zadie smith dana schulz
2017-08-25 07:09	hannah black letter to dana schutz
2017-08-25 07:11	emmett till
2017-08-25 07:14	kara walker
2017-08-25 10:21	carl king crown heights
2017-08-26 01:25	harvey houston
2017-08-26 01:38	bobcat tracks
2017-08-26 01:39	bobcat truck
2017-08-26 01:39	snow truck
2017-08-26 01:39	snow truck tracks
2017-08-26 03:44	life sentence for marijuana
2017-08-26 04:14	miami bridge sex offenders
2017-08-26 04:41	spuyten duyvil brooklyn
2017-08-26 04:49	mezcaleria la milagrosa
2017-08-26 05:20	facebook tag yourself racist
2017-08-26 05:28	perspectives
2017-08-26 05:28	perspectives toxic
2017-08-26 05:33	charles petillon
2017-08-26 05:43	define curate etymology
2017-08-26 06:36	keager mclaughlin
2017-08-26 06:38	keager mclaughlin nora
2017-08-26 06:38	keager mclaughlin nora omurchu
2017-08-26 06:45	pittsburgh
2017-08-26 06:54	mike acosta gold
2017-08-26 07:53	sassel beach
2017-08-26 07:54	tessalit, mali
2017-08-26 08:15	brooklyn wing house
2017-08-26 11:39	eva hesse documentary
2017-08-27 01:17	recycle clothes williamsburg brooklyn
2017-08-27 02:30	claire feinberg
2017-08-27 02:37	juvenilia
2017-08-27 05:24	harbour space university
2017-08-27 05:24	harbour space university samarskaya
2017-08-27 05:29	illustrator ase swatch
2017-08-27 05:29	illustrator palette file
2017-08-27 05:29	what is adobe swatch exchange?
2017-08-27 05:30	ase file format
2017-08-27 05:30	ase file format code
2017-08-27 06:56	ps1 warm up
2017-08-27 06:58	eufonic festival
2017-08-27 06:59	sant carles de la ràpita spain
2017-08-27 07:14	replacing iphone 7 screen
2017-08-27 07:18	loser in german
2017-08-27 07:20	cattelan guggenheim
2017-08-27 07:24	kara walker domino sugar factory
2017-08-27 07:49	biggest stadium
2017-08-27 07:49	biggest stadium germany
2017-08-27 07:49	munich football club
2017-08-27 10:23	iphone screen repair oslo
2017-08-27 10:26	knust skjerm iphone 6s plus
2017-08-27 12:21	conceited rapper
2017-08-28 04:06	propone en ingles
2017-08-28 04:06	proponent
2017-08-28 05:36	soon spanish
2017-08-28 08:24	electronics recycling nyc
2017-08-28 08:47	saudi arabia code
2017-08-28 08:47	saudi arabia suffix
2017-08-28 08:49	sa country code
2017-08-28 09:33	schwäbisch gmünd
2017-08-28 09:34	ber sxf txl str str ber sxf txl
2017-08-28 10:28	sugarland flooding
2017-08-28 10:31	houston flooding map
2017-08-28 11:11	davinci
2017-08-28 11:33	trump finnish reporter
2017-08-29 01:16	cajun navy
2017-08-29 03:31	luggage
2017-08-29 07:22	synnove lund
2017-08-29 07:36	jols realty
2017-08-29 11:25	chase jfk
2017-08-29 11:25	chase jfk terminal 1
2017-08-30 03:34	bologna
2017-08-30 03:34	bologna food
2017-08-30 03:35	jfk terminal 1
2017-08-30 03:36	dy 7002
2017-08-30 09:14	tree death finnmark
2017-08-30 09:15	fauske
2017-08-30 09:19	are wolverines omnivores?
2017-08-30 09:19	wolverine omnivore
2017-08-31 02:23	draugen fiske
2017-08-31 05:25	paris processing webster
2017-08-31 06:42	dutch king pilot
2017-08-31 06:43	dutch king
2017-08-31 07:30	speed test
2017-08-31 07:32	netgear extender
2017-08-31 07:33	wn2000rptv2
2017-08-31 07:49	glasswire
2017-08-31 08:38	steam
2017-08-31 08:57	germany atrocity exhibition
2017-08-31 08:58	germany verbrecher
2017-08-31 08:58	germany verbrecher exhibition
2017-08-31 08:59	nazi verbrecher
2017-08-31 08:59	verbraucherausstellung
2017-08-31 09:00	hitler's children
2017-08-31 09:02	wehrmacht complicity holocaust
2017-08-31 09:12	people from milan
2017-08-31 09:44	loasis brooklyn
2017-08-31 09:52	nationalgrid